<?xml version="1.0" encoding="UTF-8"?>
<GenRun Id="impl_2" LaunchPart="xc7a35tcpg236-1" LaunchTime="1685642251">
  <File Type="ROUTE-PWR" Name="guoba_power_routed.rpt"/>
  <File Type="PA-TCL" Name="guoba.tcl"/>
  <File Type="BITSTR-BMM" Name="guoba_bd.bmm"/>
  <File Type="ROUTE-PWR-SUM" Name="guoba_power_summary_routed.pb"/>
  <File Type="REPORTS-TCL" Name="guoba_reports.tcl"/>
  <File Type="OPT-DCP" Name="guoba_opt.dcp"/>
  <File Type="OPT-DRC" Name="guoba_drc_opted.rpt"/>
  <File Type="OPT-HWDEF" Name="guoba.hwdef"/>
  <File Type="PWROPT-DCP" Name="guoba_pwropt.dcp"/>
  <File Type="PLACE-DCP" Name="guoba_placed.dcp"/>
  <File Type="PLACE-IO" Name="guoba_io_placed.rpt"/>
  <File Type="PLACE-UTIL" Name="guoba_utilization_placed.rpt"/>
  <File Type="PLACE-UTIL-PB" Name="guoba_utilization_placed.pb"/>
  <File Type="PLACE-CTRL" Name="guoba_control_sets_placed.rpt"/>
  <File Type="PLACE-PRE-SIMILARITY" Name="guoba_incremental_reuse_pre_placed.rpt"/>
  <File Type="BG-BGN" Name="guoba.bgn"/>
  <File Type="POSTPLACE-PWROPT-DCP" Name="guoba_postplace_pwropt.dcp"/>
  <File Type="BG-BIN" Name="guoba.bin"/>
  <File Type="PHYSOPT-DCP" Name="guoba_physopt.dcp"/>
  <File Type="BITSTR-MSK" Name="guoba.msk"/>
  <File Type="ROUTE-ERROR-DCP" Name="guoba_routed_error.dcp"/>
  <File Type="ROUTE-DCP" Name="guoba_routed.dcp"/>
  <File Type="ROUTE-BLACKBOX-DCP" Name="guoba_routed_bb.dcp"/>
  <File Type="ROUTE-DRC" Name="guoba_drc_routed.rpt"/>
  <File Type="ROUTE-DRC-PB" Name="guoba_drc_routed.pb"/>
  <File Type="ROUTE-DRC-RPX" Name="guoba_drc_routed.rpx"/>
  <File Type="BITSTR-LTX" Name="guoba.ltx"/>
  <File Type="ROUTE-METHODOLOGY-DRC" Name="guoba_methodology_drc_routed.rpt"/>
  <File Type="BITSTR-MMI" Name="guoba.mmi"/>
  <File Type="ROUTE-METHODOLOGY-DRC-RPX" Name="guoba_methodology_drc_routed.rpx"/>
  <File Type="ROUTE-METHODOLOGY-DRC-PB" Name="guoba_methodology_drc_routed.pb"/>
  <File Type="BITSTR-SYSDEF" Name="guoba.sysdef"/>
  <File Type="ROUTE-PWR-RPX" Name="guoba_power_routed.rpx"/>
  <File Type="ROUTE-STATUS" Name="guoba_route_status.rpt"/>
  <File Type="ROUTE-STATUS-PB" Name="guoba_route_status.pb"/>
  <File Type="ROUTE-TIMINGSUMMARY" Name="guoba_timing_summary_routed.rpt"/>
  <File Type="ROUTE-TIMING-PB" Name="guoba_timing_summary_routed.pb"/>
  <File Type="ROUTE-TIMING-RPX" Name="guoba_timing_summary_routed.rpx"/>
  <File Type="ROUTE-CLK" Name="guoba_clock_utilization_routed.rpt"/>
  <File Type="ROUTE-BUS-SKEW" Name="guoba_bus_skew_routed.rpt"/>
  <File Type="ROUTE-BUS-SKEW-PB" Name="guoba_bus_skew_routed.pb"/>
  <File Type="ROUTE-BUS-SKEW-RPX" Name="guoba_bus_skew_routed.rpx"/>
  <File Type="POSTROUTE-PHYSOPT-DCP" Name="guoba_postroute_physopt.dcp"/>
  <File Type="POSTROUTE-PHYSOPT-BLACKBOX-DCP" Name="guoba_postroute_physopt_bb.dcp"/>
  <File Type="BG-BIT" Name="guoba.bit"/>
  <File Type="BITSTR-RBT" Name="guoba.rbt"/>
  <File Type="BITSTR-NKY" Name="guoba.nky"/>
  <File Type="BG-DRC" Name="guoba.drc"/>
  <File Type="RDI-RDI" Name="guoba.vdi"/>
  <File Type="WBT-USG" Name="usage_statistics_webtalk.html"/>
  <FileSet Name="sources" Type="DesignSrcs" RelSrcDir="$PSRCDIR/sources_1">
    <Filter Type="Srcs"/>
    <File Path="$PSRCDIR/sources_1/imports/Downloads/RNG.v">
      <FileInfo>
        <Attr Name="ImportPath" Val="$PPRDIR/../../../../../../../../Downloads/RNG.v"/>
        <Attr Name="ImportTime" Val="1685513273"/>
        <Attr Name="UsedIn" Val="synthesis"/>
        <Attr Name="UsedIn" Val="implementation"/>
        <Attr Name="UsedIn" Val="simulation"/>
      </FileInfo>
    </File>
    <File Path="$PSRCDIR/sources_1/new/Target.v">
      <FileInfo>
        <Attr Name="ImportPath" Val="$PPRDIR/../../../../../../../../Downloads/lab6.5.xpr/lab6/lab6.srcs/sources_1/new/Target.v"/>
        <Attr Name="ImportTime" Val="1685513100"/>
        <Attr Name="UsedIn" Val="synthesis"/>
        <Attr Name="UsedIn" Val="implementation"/>
        <Attr Name="UsedIn" Val="simulation"/>
      </FileInfo>
    </File>
    <File Path="$PSRCDIR/sources_1/new/VGA.v">
      <FileInfo>
        <Attr Name="ImportPath" Val="$PPRDIR/../../../../../../../../../../../../../../../../../../../../../../../Downloads/lab6/lab6.srcs/sources_1/new/VGA.v"/>
        <Attr Name="ImportTime" Val="1684443916"/>
        <Attr Name="UsedIn" Val="synthesis"/>
        <Attr Name="UsedIn" Val="implementation"/>
        <Attr Name="UsedIn" Val="simulation"/>
      </FileInfo>
    </File>
    <File Path="$PSRCDIR/sources_1/new/bug.v">
      <FileInfo>
        <Attr Name="ImportPath" Val="$PPRDIR/../../../../../../../../Downloads/lab6.5.xpr/lab6/lab6.srcs/sources_1/new/bug.v"/>
        <Attr Name="ImportTime" Val="1685636405"/>
        <Attr Name="UsedIn" Val="synthesis"/>
        <Attr Name="UsedIn" Val="implementation"/>
        <Attr Name="UsedIn" Val="simulation"/>
      </FileInfo>
    </File>
    <File Path="$PSRCDIR/sources_1/new/handheldtallycounter16.v">
      <FileInfo>
        <Attr Name="ImportPath" Val="$PPRDIR/../../../../../../../../../../../../../../../../../../Downloads/lab6.3.xpr/lab6/lab6.srcs/sources_1/new/handheldtallycounter16.v"/>
        <Attr Name="ImportTime" Val="1685405406"/>
        <Attr Name="UsedIn" Val="synthesis"/>
        <Attr Name="UsedIn" Val="implementation"/>
        <Attr Name="UsedIn" Val="simulation"/>
      </FileInfo>
    </File>
    <File Path="$PSRCDIR/sources_1/imports/Downloads/handheldtallycounter4.v">
      <FileInfo>
        <Attr Name="ImportPath" Val="$PPRDIR/../../../../../../../../../../../../../../../../../../Downloads/handheldtallycounter4.v"/>
        <Attr Name="ImportTime" Val="1685403227"/>
        <Attr Name="UsedIn" Val="synthesis"/>
        <Attr Name="UsedIn" Val="implementation"/>
        <Attr Name="UsedIn" Val="simulation"/>
      </FileInfo>
    </File>
    <File Path="$PSRCDIR/sources_1/imports/Downloads/hex7seg.v">
      <FileInfo>
        <Attr Name="ImportPath" Val="$PPRDIR/../../../../../../../../Downloads/hex7seg.v"/>
        <Attr Name="ImportTime" Val="1683001574"/>
        <Attr Name="UsedIn" Val="synthesis"/>
        <Attr Name="UsedIn" Val="implementation"/>
        <Attr Name="UsedIn" Val="simulation"/>
      </FileInfo>
    </File>
    <File Path="$PSRCDIR/sources_1/imports/Downloads/labVGA_clks.v">
      <FileInfo>
        <Attr Name="ImportPath" Val="$PPRDIR/../../../../../../../../../../../../../../../../../../Downloads/labVGA_clks.v"/>
        <Attr Name="ImportTime" Val="1685402035"/>
        <Attr Name="UsedIn" Val="synthesis"/>
        <Attr Name="UsedIn" Val="implementation"/>
        <Attr Name="UsedIn" Val="simulation"/>
      </FileInfo>
    </File>
    <File Path="$PSRCDIR/sources_1/imports/Downloads/mux2t1.v">
      <FileInfo>
        <Attr Name="ImportPath" Val="$PPRDIR/../../../../../../../../Downloads/mux2t1.v"/>
        <Attr Name="ImportTime" Val="1685550651"/>
        <Attr Name="UsedIn" Val="synthesis"/>
        <Attr Name="UsedIn" Val="implementation"/>
        <Attr Name="UsedIn" Val="simulation"/>
      </FileInfo>
    </File>
    <File Path="$PSRCDIR/sources_1/new/pixel.v">
      <FileInfo>
        <Attr Name="ImportPath" Val="$PPRDIR/../../../../../../../../../../../../../../../../../../Downloads/lab6.3.xpr/lab6/lab6.srcs/sources_1/new/pixel.v"/>
        <Attr Name="ImportTime" Val="1685404293"/>
        <Attr Name="UsedIn" Val="synthesis"/>
        <Attr Name="UsedIn" Val="implementation"/>
        <Attr Name="UsedIn" Val="simulation"/>
      </FileInfo>
    </File>
    <File Path="$PSRCDIR/sources_1/new/platform.v">
      <FileInfo>
        <Attr Name="ImportPath" Val="$PPRDIR/../../../../../../../../../../../../../../../../../../../../../../../Downloads/lab6/lab6.srcs/sources_1/new/platform.v"/>
        <Attr Name="ImportTime" Val="1685389270"/>
        <Attr Name="UsedIn" Val="synthesis"/>
        <Attr Name="UsedIn" Val="implementation"/>
        <Attr Name="UsedIn" Val="simulation"/>
      </FileInfo>
    </File>
    <File Path="$PSRCDIR/sources_1/new/player.v">
      <FileInfo>
        <Attr Name="ImportPath" Val="$PPRDIR/../../../../../../../../../../../../../../../../../../../../../../../Downloads/lab6/lab6.srcs/sources_1/new/player.v"/>
        <Attr Name="ImportTime" Val="1685324219"/>
        <Attr Name="UsedIn" Val="synthesis"/>
        <Attr Name="UsedIn" Val="implementation"/>
        <Attr Name="UsedIn" Val="simulation"/>
      </FileInfo>
    </File>
    <File Path="$PSRCDIR/sources_1/imports/Downloads/ringaroundtherosie.v">
      <FileInfo>
        <Attr Name="ImportPath" Val="$PPRDIR/../../../../../../../../Downloads/ringaroundtherosie.v"/>
        <Attr Name="ImportTime" Val="1683001574"/>
        <Attr Name="UsedIn" Val="synthesis"/>
        <Attr Name="UsedIn" Val="implementation"/>
        <Attr Name="UsedIn" Val="simulation"/>
      </FileInfo>
    </File>
    <File Path="$PSRCDIR/sources_1/imports/Downloads/si.v">
      <FileInfo>
        <Attr Name="ImportPath" Val="$PPRDIR/../../../../../../../../Downloads/si.v"/>
        <Attr Name="ImportTime" Val="1683001574"/>
        <Attr Name="UsedIn" Val="synthesis"/>
        <Attr Name="UsedIn" Val="implementation"/>
        <Attr Name="UsedIn" Val="simulation"/>
      </FileInfo>
    </File>
    <File Path="$PSRCDIR/sources_1/new/guoba.v">
      <FileInfo>
        <Attr Name="ImportPath" Val="$PPRDIR/../../../../../../../../../../../../../../../../../../Downloads/lab6.3.xpr/lab6/lab6.srcs/sources_1/new/guoba.v"/>
        <Attr Name="ImportTime" Val="1685407271"/>
        <Attr Name="UsedIn" Val="synthesis"/>
        <Attr Name="UsedIn" Val="implementation"/>
        <Attr Name="UsedIn" Val="simulation"/>
      </FileInfo>
    </File>
    <File Path="$PSRCDIR/sources_1/imports/Downloads/lab6.3.xpr/lab6/archive_project_summary.txt">
      <FileInfo>
        <Attr Name="ImportPath" Val="$PPRDIR/../../../../../../../../../../../../../../../../../../Downloads/lab6.3.xpr/lab6/archive_project_summary.txt"/>
        <Attr Name="ImportTime" Val="1685390690"/>
      </FileInfo>
    </File>
    <File Path="$PSRCDIR/sources_1/imports/lab6/archive_project_summary.txt">
      <FileInfo>
        <Attr Name="ImportPath" Val="$PPRDIR/../../../../../../../../../../../../../Downloads/lab6.4.xpr/lab6/archive_project_summary.txt"/>
        <Attr Name="ImportTime" Val="1685427193"/>
      </FileInfo>
    </File>
    <File Path="$PSRCDIR/sources_1/imports/Downloads/lab6.5.xpr/lab6/archive_project_summary.txt">
      <FileInfo>
        <Attr Name="ImportPath" Val="$PPRDIR/../../../../../../../../Downloads/lab6.5.xpr/lab6/archive_project_summary.txt"/>
        <Attr Name="ImportTime" Val="1685476930"/>
      </FileInfo>
    </File>
    <Config>
      <Option Name="DesignMode" Val="RTL"/>
      <Option Name="TopModule" Val="guoba"/>
      <Option Name="TopAutoSet" Val="TRUE"/>
    </Config>
  </FileSet>
  <FileSet Name="constrs_in" Type="Constrs" RelSrcDir="$PSRCDIR/constrs_1">
    <Filter Type="Constrs"/>
    <File Path="$PSRCDIR/constrs_1/imports/Downloads/Basys3_Master.xdc">
      <FileInfo>
        <Attr Name="ImportPath" Val="$PPRDIR/../../../../../../../../../../../../../../../../../../Downloads/Basys3_Master.xdc"/>
        <Attr Name="ImportTime" Val="1685407421"/>
        <Attr Name="UsedIn" Val="synthesis"/>
        <Attr Name="UsedIn" Val="implementation"/>
      </FileInfo>
    </File>
    <Config>
      <Option Name="ConstrsType" Val="XDC"/>
    </Config>
  </FileSet>
  <FileSet Name="utils" Type="Utils" RelSrcDir="$PSRCDIR/utils_1">
    <Filter Type="Utils"/>
    <Config>
      <Option Name="TopAutoSet" Val="TRUE"/>
    </Config>
  </FileSet>
  <Strategy Version="1" Minor="2">
    <StratHandle Name="Vivado Implementation Defaults" Flow="Vivado Implementation 2019"/>
    <Step Id="init_design"/>
    <Step Id="opt_design"/>
    <Step Id="power_opt_design"/>
    <Step Id="place_design"/>
    <Step Id="post_place_power_opt_design"/>
    <Step Id="phys_opt_design"/>
    <Step Id="route_design"/>
    <Step Id="post_route_phys_opt_design"/>
    <Step Id="write_bitstream"/>
  </Strategy>
</GenRun>
